"ug","uw","mu_gas","mu_liq","muf_tot","sw_ave","muf_in","fg_in","fg_out","muf_err","dp_tot","dp_mid","dp_err"
1.791402953192969e-5,0.0,1.9383564081984563e-5,0.000952576167144325,0.028662210898005212,0.12849852538617892,0.008116540135747585,1.0,1.0,0.005122735632018493,0.3594411924011103,0.047899410131852886,0.06424215530618861
1.4560718332230857e-5,1.8369684105712766e-6,1.9567939914496478e-5,0.0009524435963297847,1.1585884529599324,0.08686936663802407,1.099182698131702,0.8810150383108483,0.8810150383108483,0.030578684448459875,13.299541057908625,5.937702143591168,0.35101546910824294
1.4940597843624023e-5,1.4695747284570218e-6,1.9572617876736193e-5,0.0009524403111671109,1.1602265200127981,0.0858704217272971,1.0343449386870067,0.9047334526051922,0.9047334526051922,0.019568033798879676,13.32848567667436,5.591707952655888,0.2247942567337373
1.1749839404714308e-5,4.408724185371063e-6,1.9543747492559697e-5,0.0009524606453826895,0.9883101323396034,0.09865932063187857,1.088658367774267,0.7154647244240224,0.7154647244240224,0.02600495194223875,11.179461194444443,5.795091607638889,0.2941600430761879
2.8569611163901507e-5,1.8369684105712758e-6,1.9660141139840224e-5,0.0009523795172068129,0.8513798344340822,0.09015847736054167,0.7592585874191958,0.9343700851454022,0.9343700851454022,0.011883715228220373,18.12240375086817,7.6054203201286175,0.25295582149805357
2.993797709514219e-5,7.34787364228508e-7,1.9535367324125783e-5,0.0009524665746072338,0.4892077774608378,0.09204361337577179,0.37725659072994444,0.9747250923283417,0.9747250923283417,0.007210649267743947,10.504397453124998,3.8120245963255495,0.1548289485433019
