"sw","krw"
0.2667883579,0.001246267404681824
0.2573968319,0.0009270797783829794
0.2532762357,0.0007829816811023879
