"sw","krw"
0.0986593206,0.00026294441435067864
0.0868693666,9.209494783293469e-5
0.0858704217,7.351458362462339e-5
