sw,krw
0.1731051815,0.0002629444
0.155840003,9.20949478329347E-05
0.155608431,7.35145836246234E-05
